DB00945,,,,,,,,,,,,,
DB00001,,,,,,,,,,,,,
DB00002,,,,,,,,,,,,,
DB00003,,,,,,,,,,,,,
DB00005,,,,,,,,,,,,,
DB00007,,,,,,,,,,,,,
DB00008,,,,,,,,,,,,,
DB00009,,,,,,,,,,,,,
DB00011,,,,,,,,,,,,,
DB00012,,,,,,,,,,,,,
DB00013,,,,,,,,,,,,,
DB00015,,,,,,,,,,,,,
DB00016,,,,,,,,,,,,,
DB00018,,,,,,,,,,,,,
DB00019,,,,,,,,,,,,,
DB00022,,,,,,,,,,,,,
DB00024,,,,,,,,,,,,,
DB00027,,,,,,,,,,,,,
DB00028,,,,,,,,,,,,,
DB00029,,,,,,,,,,,,,
DB00030,,,,,,,,,,,,,
DB00031,,,,,,,,,,,,,
DB00032,,,,,,,,,,,,,
DB00033,,,,,,,,,,,,,
DB00036,,,,,,,,,,,,,
DB00043,,,,,,,,,,,,,
DB00044,,,,,,,,,,,,,
DB00046,,,,,,,,,,,,,
DB00047,,,,,,,,,,,,,
DB00048,,,,,,,,,,,,,
DB00052,,,,,,,,,,,,,
DB00054,,,,,,,,,,,,,
DB00056,,,,,,,,,,,,,
DB00057,,,,,,,,,,,,,
DB00058,,,,,,,,,,,,,
DB00065,,,,,,,,,,,,,
DB00066,,,,,,,,,,,,,
DB00069,,,,,,,,,,,,,
DB00072,,,,,,,,,,,,,
DB00073,,,,,,,,,,,,,
DB00074,,,,,,,,,,,,,
DB00075,,,,,,,,,,,,,
DB00076,,,,,,,,,,,,,
DB00078,,,,,,,,,,,,,
DB00081,,,,,,,,,,,,,
DB00082,,,,,,,,,,,,,
DB00083,,,,,,,,,,,,,
DB00085,,,,,,,,,,,,,
DB00087,,,,,,,,,,,,,
DB00089,,,,,,,,,,,,,
DB00091,,,,,,,,,,,,,
DB00093,,,,,,,,,,,,,
DB00094,,,,,,,,,,,,,
DB00095,,,,,,,,,,,,,
DB00097,,,,,,,,,,,,,
DB00098,,,,,,,,,,,,,
DB00099,,,,,,,,,,,,,
DB00100,,,,,,,,,,,,,
DB00104,,,,,,,,,,,,,
DB00105,,,,,,,,,,,,,
DB00107,,,,,,,,,,,,,
DB00108,,,,,,,,,,,,,
DB00110,,,,,,,,,,,,,
DB00111,,,,,,,,,,,,,
DB00112,,,,,,,,,,,,,
DB00113,,,,,,,,,,,,,
DB00114,,,,,,,,,,,,,
DB00115,,,,,,,,,,,,,
DB00117,,,,,,,,,,,,,
DB00119,,,,,,,,,,,,,
DB00120,,,,,,,,,,,,,
DB00121,,,,,,,,,,,,,
DB00122,,,,,,,,,,,,,
DB00123,,,,,,,,,,,,,
DB00125,,,,,,,,,,,,,
DB00126,,,,,,,,,,,,,
DB00127,,,,,,,,,,,,,
DB00128,,,,,,,,,,,,,
DB00129,,,,,,,,,,,,,
DB00130,,,,,,,,,,,,,
DB00131,,,,,,,,,,,,,
DB00132,,,,,,,,,,,,,
DB00133,,,,,,,,,,,,,
DB00134,,,,,,,,,,,,,
DB00135,,,,,,,,,,,,,
DB00136,,,,,,,,,,,,,
DB00137,,,,,,,,,,,,,
DB00138,,,,,,,,,,,,,
DB00139,,,,,,,,,,,,,
DB00140,,,,,,,,,,,,,
DB00141,,,,,,,,,,,,,
DB00142,,,,,,,,,,,,,
DB00143,,,,,,,,,,,,,
DB00145,,,,,,,,,,,,,
DB00147,,,,,,,,,,,,,
DB00148,,,,,,,,,,,,,
DB00149,,,,,,,,,,,,,
DB00150,,,,,,,,,,,,,
DB00151,,,,,,,,,,,,,
DB00152,,,,,,,,,,,,,
DB00153,,,,,,,,,,,,,
DB00155,,,,,,,,,,,,,
DB00156,,,,,,,,,,,,,
DB00157,,,,,,,,,,,,,
DB00160,,,,,,,,,,,,,
DB00161,,,,,,,,,,,,,
DB00162,,,,,,,,,,,,,
DB00163,,,,,,,,,,,,,
DB00165,,,,,,,,,,,,,
DB00166,,,,,,,,,,,,,
DB00167,,,,,,,,,,,,,
DB00168,,,,,,,,,,,,,
DB00169,,,,,,,,,,,,,
DB00170,,,,,,,,,,,,,
DB00171,,,,,,,,,,,,,
DB00172,,,,,,,,,,,,,
DB00173,,,,,,,,,,,,,
DB00174,,,,,,,,,,,,,
DB00175,,,,,,,,,,,,,
DB00176,,,,,,,,,,,,,
DB00177,,,,,,,,,,,,,
DB00178,,,,,,,,,,,,,
DB00179,,,,,,,,,,,,,
DB00180,,,,,,,,,,,,,
DB00181,,,,,,,,,,,,,
DB00182,,,,,,,,,,,,,
DB00183,,,,,,,,,,,,,
DB00184,,,,,,,,,,,,,
DB00185,,,,,,,,,,,,,
DB00186,,,,,,,,,,,,,
DB00188,,,,,,,,,,,,,
DB00190,,,,,,,,,,,,,
DB00191,,,,,,,,,,,,,
DB00192,,,,,,,,,,,,,
DB00193,,,,,,,,,,,,,
DB00195,,,,,,,,,,,,,
DB00196,,,,,,,,,,,,,
DB00197,,,,,,,,,,,,,
DB00199,,,,,,,,,,,,,
DB00201,,,,,,,,,,,,,
DB00203,,,,,,,,,,,,,
DB00205,,,,,,,,,,,,,
DB00206,,,,,,,,,,,,,
DB00207,,,,,,,,,,,,,
DB00208,,,,,,,,,,,,,
DB00210,,,,,,,,,,,,,
DB00211,,,,,,,,,,,,,
DB00213,,,,,,,,,,,,,
DB00214,,,,,,,,,,,,,
DB00215,,,,,,,,,,,,,
DB00217,,,,,,,,,,,,,
DB00218,,,,,,,,,,,,,
DB00219,,,,,,,,,,,,,
DB00220,,,,,,,,,,,,,
DB00222,,,,,,,,,,,,,
DB00224,,,,,,,,,,,,,
DB00226,,,,,,,,,,,,,
DB00227,,,,,,,,,,,,,
DB00228,,,,,,,,,,,,,
DB00230,,,,,,,,,,,,,
DB00231,,,,,,,,,,,,,
DB00232,,,,,,,,,,,,,
DB00233,,,,,,,,,,,,,
DB00234,,,,,,,,,,,,,
DB00235,,,,,,,,,,,,,
DB00236,,,,,,,,,,,,,
DB00237,,,,,,,,,,,,,
DB00238,,,,,,,,,,,,,
DB00241,,,,,,,,,,,,,
DB00242,,,,,,,,,,,,,
DB00243,,,,,,,,,,,,,
DB00244,,,,,,,,,,,,,
DB00245,,,,,,,,,,,,,
DB00246,,,,,,,,,,,,,
DB00247,,,,,,,,,,,,,
DB00248,,,,,,,,,,,,,
DB00249,,,,,,,,,,,,,
DB00250,,,,,,,,,,,,,
DB00251,,,,,,,,,,,,,
DB00252,,,,,,,,,,,,,
DB00253,,,,,,,,,,,,,
DB00254,,,,,,,,,,,,,
DB00255,,,,,,,,,,,,,
DB00256,,,,,,,,,,,,,
DB00257,,,,,,,,,,,,,
DB00258,,,,,,,,,,,,,
DB00259,,,,,,,,,,,,,
DB00260,,,,,,,,,,,,,
DB00262,,,,,,,,,,,,,
DB00263,,,,,,,,,,,,,
DB00264,,,,,,,,,,,,,
DB00265,,,,,,,,,,,,,
DB00266,,,,,,,,,,,,,
DB00268,,,,,,,,,,,,,
DB00269,,,,,,,,,,,,,
DB00270,,,,,,,,,,,,,
DB00271,,,,,,,,,,,,,
DB00272,,,,,,,,,,,,,
DB00273,,,,,,,,,,,,,
DB00275,,,,,,,,,,,,,
DB00276,,,,,,,,,,,,,
DB00277,,,,,,,,,,,,,
DB00279,,,,,,,,,,,,,
DB00280,,,,,,,,,,,,,
DB00281,,,,,,,,,,,,,
DB00282,,,,,,,,,,,,,
DB00283,,,,,,,,,,,,,
DB00285,,,,,,,,,,,,,
DB00286,,,,,,,,,,,,,
DB00289,,,,,,,,,,,,,
DB00290,,,,,,,,,,,,,
DB00291,,,,,,,,,,,,,
DB00292,,,,,,,,,,,,,
DB00293,,,,,,,,,,,,,
DB00294,,,,,,,,,,,,,
DB00295,,,,,,,,,,,,,
DB00297,,,,,,,,,,,,,
DB00299,,,,,,,,,,,,,
DB00300,,,,,,,,,,,,,
DB00302,,,,,,,,,,,,,
DB00304,,,,,,,,,,,,,
DB00305,,,,,,,,,,,,,
DB00306,,,,,,,,,,,,,
DB00309,,,,,,,,,,,,,
DB00310,,,,,,,,,,,,,
DB00311,,,,,,,,,,,,,
DB00312,,,,,,,,,,,,,
DB00315,,,,,,,,,,,,,
DB00316,,,,,,,,,,,,,
DB00318,,,,,,,,,,,,,
DB00321,,,,,,,,,,,,,
DB00322,,,,,,,,,,,,,
DB00324,,,,,,,,,,,,,
DB00327,,,,,,,,,,,,,
DB00328,,,,,,,,,,,,,
DB00330,,,,,,,,,,,,,
DB00331,,,,,,,,,,,,,
DB00332,,,,,,,,,,,,,
DB00333,,,,,,,,,,,,,
DB00334,,,,,,,,,,,,,
DB00335,,,,,,,,,,,,,
DB00336,,,,,,,,,,,,,
DB00338,,,,,,,,,,,,,
DB00339,,,,,,,,,,,,,
DB00340,,,,,,,,,,,,,
DB00341,,,,,,,,,,,,,
DB00342,,,,,,,,,,,,,
DB00343,,,,,,,,,,,,,
DB00344,,,,,,,,,,,,,
DB00345,,,,,,,,,,,,,
DB00346,,,,,,,,,,,,,
DB00347,,,,,,,,,,,,,
DB00349,,,,,,,,,,,,,
DB00350,,,,,,,,,,,,,
DB00351,,,,,,,,,,,,,
DB00352,,,,,,,,,,,,,
DB00353,,,,,,,,,,,,,
DB00356,,,,,,,,,,,,,
DB00357,,,,,,,,,,,,,
DB00358,,,,,,,,,,,,,
DB00359,,,,,,,,,,,,,
DB00360,,,,,,,,,,,,,
DB00361,,,,,,,,,,,,,
DB00363,,,,,,,,,,,,,
DB00364,,,,,,,,,,,,,
DB00366,,,,,,,,,,,,,
DB00367,,,,,,,,,,,,,
DB00368,,,,,,,,,,,,,
DB00369,,,,,,,,,,,,,
DB00370,,,,,,,,,,,,,
DB00371,,,,,,,,,,,,,
DB00372,,,,,,,,,,,,,
DB00373,,,,,,,,,,,,,
DB00376,,,,,,,,,,,,,
DB00378,,,,,,,,,,,,,
DB00379,,,,,,,,,,,,,
DB00380,,,,,,,,,,,,,
DB00381,,,,,,,,,,,,,
DB00382,,,,,,,,,,,,,
DB00384,,,,,,,,,,,,,
DB00385,,,,,,,,,,,,,
DB00387,,,,,,,,,,,,,
DB00388,,,,,,,,,,,,,
DB00389,,,,,,,,,,,,,
DB00390,,,,,,,,,,,,,
DB00391,,,,,,,,,,,,,
DB00392,,,,,,,,,,,,,
DB00393,,,,,,,,,,,,,
DB00394,,,,,,,,,,,,,
DB00395,,,,,,,,,,,,,
DB00396,,,,,,,,,,,,,
DB00397,,,,,,,,,,,,,
DB00400,,,,,,,,,,,,,
DB00402,,,,,,,,,,,,,
DB00404,,,,,,,,,,,,,
DB00405,,,,,,,,,,,,,
DB00406,,,,,,,,,,,,,
DB00408,,,,,,,,,,,,,
DB00410,,,,,,,,,,,,,
DB00411,,,,,,,,,,,,,
DB00412,,,,,,,,,,,,,
DB00413,,,,,,,,,,,,,
DB00414,,,,,,,,,,,,,
DB00415,,,,,,,,,,,,,
DB00416,,,,,,,,,,,,,
DB00418,,,,,,,,,,,,,
DB00419,,,,,,,,,,,,,
DB00420,,,,,,,,,,,,,
DB00421,,,,,,,,,,,,,
DB00423,,,,,,,,,,,,,
DB00424,,,,,,,,,,,,,
DB00425,,,,,,,,,,,,,
DB00426,,,,,,,,,,,,,
DB00427,,,,,,,,,,,,,
DB00428,,,,,,,,,,,,,
DB00429,,,,,,,,,,,,,
DB00431,,,,,,,,,,,,,
DB00432,,,,,,,,,,,,,
DB00433,,,,,,,,,,,,,
DB00434,,,,,,,,,,,,,
DB00435,,,,,,,,,,,,,
DB00436,,,,,,,,,,,,,
DB00437,,,,,,,,,,,,,
DB00438,,,,,,,,,,,,,
DB00440,,,,,,,,,,,,,
DB00443,,,,,,,,,,,,,
DB00444,,,,,,,,,,,,,
DB00445,,,,,,,,,,,,,
DB00446,,,,,,,,,,,,,
DB00448,,,,,,,,,,,,,
DB00449,,,,,,,,,,,,,
DB00450,,,,,,,,,,,,,
DB00451,,,,,,,,,,,,,
DB00454,,,,,,,,,,,,,
DB00455,,,,,,,,,,,,,
DB00456,,,,,,,,,,,,,
DB00457,,,,,,,,,,,,,
DB00458,,,,,,,,,,,,,
DB00459,,,,,,,,,,,,,
DB00461,,,,,,,,,,,,,
DB00462,,,,,,,,,,,,,
DB00463,,,,,,,,,,,,,
DB00465,,,,,,,,,,,,,
DB00466,,,,,,,,,,,,,
DB00467,,,,,,,,,,,,,
DB00468,,,,,,,,,,,,,
DB00469,,,,,,,,,,,,,
DB00470,,,,,,,,,,,,,
DB00471,,,,,,,,,,,,,
DB00472,,,,,,,,,,,,,
DB00473,,,,,,,,,,,,,
DB00475,,,,,,,,,,,,,
DB00477,,,,,,,,,,,,,
DB00478,,,,,,,,,,,,,
DB00479,,,,,,,,,,,,,
DB00481,,,,,,,,,,,,,
DB00482,,,,,,,,,,,,,
DB00483,,,,,,,,,,,,,
DB00484,,,,,,,,,,,,,
DB00487,,,,,,,,,,,,,
DB00488,,,,,,,,,,,,,
DB00489,,,,,,,,,,,,,
DB00490,,,,,,,,,,,,,
DB00491,,,,,,,,,,,,,
DB00492,,,,,,,,,,,,,
DB00495,,,,,,,,,,,,,
DB00497,,,,,,,,,,,,,
DB00498,,,,,,,,,,,,,
DB00499,,,,,,,,,,,,,
DB00500,,,,,,,,,,,,,
DB00501,,,,,,,,,,,,,
DB00502,,,,,,,,,,,,,
DB00504,,,,,,,,,,,,,
DB00505,,,,,,,,,,,,,
DB00507,,,,,,,,,,,,,
DB00509,,,,,,,,,,,,,
DB00513,,,,,,,,,,,,,
DB00514,,,,,,,,,,,,,
DB00515,,,,,,,,,,,,,
DB00517,,,,,,,,,,,,,
DB00518,,,,,,,,,,,,,
DB00519,,,,,,,,,,,,,
DB00522,,,,,,,,,,,,,
DB00523,,,,,,,,,,,,,
DB00524,,,,,,,,,,,,,
DB00525,,,,,,,,,,,,,
DB00527,,,,,,,,,,,,,
DB00529,,,,,,,,,,,,,
DB00531,,,,,,,,,,,,,
DB00532,,,,,,,,,,,,,
DB00534,,,,,,,,,,,,,
DB00535,,,,,,,,,,,,,
DB00536,,,,,,,,,,,,,
DB00537,,,,,,,,,,,,,
DB00539,,,,,,,,,,,,,
DB00540,,,,,,,,,,,,,
DB00541,,,,,,,,,,,,,
DB00542,,,,,,,,,,,,,
DB00543,,,,,,,,,,,,,
DB00544,,,,,,,,,,,,,
DB00545,,,,,,,,,,,,,
DB00547,,,,,,,,,,,,,
DB00548,,,,,,,,,,,,,
DB00549,,,,,,,,,,,,,
DB00550,,,,,,,,,,,,,
DB00551,,,,,,,,,,,,,
DB00552,,,,,,,,,,,,,
DB00553,,,,,,,,,,,,,
DB00554,,,,,,,,,,,,,
DB00555,,,,,,,,,,,,,
DB00556,,,,,,,,,,,,,
DB00557,,,,,,,,,,,,,
DB00561,,,,,,,,,,,,,
DB00562,,,,,,,,,,,,,
DB00563,,,,,,,,,,,,,
DB00564,,,,,,,,,,,,,
DB00566,,,,,,,,,,,,,
DB00567,,,,,,,,,,,,,
DB00570,,,,,,,,,,,,,
DB00571,,,,,,,,,,,,,
DB00572,,,,,,,,,,,,,
DB00573,,,,,,,,,,,,,
DB00574,,,,,,,,,,,,,
DB00575,,,,,,,,,,,,,
DB00576,,,,,,,,,,,,,
DB00577,,,,,,,,,,,,,
DB00579,,,,,,,,,,,,,
DB00581,,,,,,,,,,,,,
DB00582,,,,,,,,,,,,,
DB00583,,,,,,,,,,,,,
DB00584,,,,,,,,,,,,,
DB00585,,,,,,,,,,,,,
DB00586,,,,,,,,,,,,,
DB00588,,,,,,,,,,,,,
DB00590,,,,,,,,,,,,,
DB00591,,,,,,,,,,,,,
DB00592,,,,,,,,,,,,,
DB00593,,,,,,,,,,,,,
DB00594,,,,,,,,,,,,,
DB00595,,,,,,,,,,,,,
DB00596,,,,,,,,,,,,,
DB00598,,,,,,,,,,,,,
DB00600,,,,,,,,,,,,,
DB00601,,,,,,,,,,,,,
DB00602,,,,,,,,,,,,,
DB00603,,,,,,,,,,,,,
DB00604,,,,,,,,,,,,,
DB00605,,,,,,,,,,,,,
DB00606,,,,,,,,,,,,,
DB00608,,,,,,,,,,,,,
DB00609,,,,,,,,,,,,,
DB00610,,,,,,,,,,,,,
DB00611,,,,,,,,,,,,,
DB00612,,,,,,,,,,,,,
DB00613,,,,,,,,,,,,,
DB00614,,,,,,,,,,,,,
DB00618,,,,,,,,,,,,,
DB00619,,,,,,,,,,,,,
DB00620,,,,,,,,,,,,,
DB00621,,,,,,,,,,,,,
DB00622,,,,,,,,,,,,,
DB00623,,,,,,,,,,,,,
DB00624,,,,,,,,,,,,,
DB00625,,,,,,,,,,,,,
DB00627,,,,,,,,,,,,,
DB00629,,,,,,,,,,,,,
DB00630,,,,,,,,,,,,,
DB00632,,,,,,,,,,,,,
DB00634,,,,,,,,,,,,,
DB00635,,,,,,,,,,,,,
DB00636,,,,,,,,,,,,,
DB00637,,,,,,,,,,,,,
DB00638,,,,,,,,,,,,,
DB00639,,,,,,,,,,,,,
DB00640,,,,,,,,,,,,,
DB00641,,,,,,,,,,,,,
DB00643,,,,,,,,,,,,,
DB00645,,,,,,,,,,,,,
DB00646,,,,,,,,,,,,,
DB00647,,,,,,,,,,,,,
DB00648,,,,,,,,,,,,,
DB00649,,,,,,,,,,,,,
DB00650,,,,,,,,,,,,,
DB00651,,,,,,,,,,,,,
DB00652,,,,,,,,,,,,,
DB00653,,,,,,,,,,,,,
DB00655,,,,,,,,,,,,,
DB00656,,,,,,,,,,,,,
DB00657,,,,,,,,,,,,,
DB00659,,,,,,,,,,,,,
DB00660,,,,,,,,,,,,,
DB00662,,,,,,,,,,,,,
DB00663,,,,,,,,,,,,,
DB00664,,,,,,,,,,,,,
DB00668,,,,,,,,,,,,,
DB00669,,,,,,,,,,,,,
DB00671,,,,,,,,,,,,,
DB00672,,,,,,,,,,,,,
DB00675,,,,,,,,,,,,,
DB00676,,,,,,,,,,,,,
DB00678,,,,,,,,,,,,,
DB00679,,,,,,,,,,,,,
DB00680,,,,,,,,,,,,,
DB00681,,,,,,,,,,,,,
DB00682,,,,,,,,,,,,,
DB00683,,,,,,,,,,,,,
DB00688,,,,,,,,,,,,,
DB00689,,,,,,,,,,,,,
DB00690,,,,,,,,,,,,,
DB00692,,,,,,,,,,,,,
DB00693,,,,,,,,,,,,,
DB00694,,,,,,,,,,,,,
DB00695,,,,,,,,,,,,,
DB00696,,,,,,,,,,,,,
DB00697,,,,,,,,,,,,,
DB00698,,,,,,,,,,,,,
DB00703,,,,,,,,,,,,,
DB00704,,,,,,,,,,,,,
DB00705,,,,,,,,,,,,,
DB00706,,,,,,,,,,,,,
DB00708,,,,,,,,,,,,,
DB00709,,,,,,,,,,,,,
DB00710,,,,,,,,,,,,,
DB00711,,,,,,,,,,,,,
DB00712,,,,,,,,,,,,,
DB00713,,,,,,,,,,,,,
DB00715,,,,,,,,,,,,,
DB00716,,,,,,,,,,,,,
DB00717,,,,,,,,,,,,,
DB00719,,,,,,,,,,,,,
DB00720,,,,,,,,,,,,,
DB00721,,,,,,,,,,,,,
DB00722,,,,,,,,,,,,,
DB00724,,,,,,,,,,,,,
DB00725,,,,,,,,,,,,,
DB00726,,,,,,,,,,,,,
DB00727,,,,,,,,,,,,,
DB00730,,,,,,,,,,,,,
DB00732,,,,,,,,,,,,,
DB00733,,,,,,,,,,,,,
DB00734,,,,,,,,,,,,,
DB00736,,,,,,,,,,,,,
DB00737,,,,,,,,,,,,,
DB00738,,,,,,,,,,,,,
DB00739,,,,,,,,,,,,,
DB00740,,,,,,,,,,,,,
DB00741,,,,,,,,,,,,,
DB00742,,,,,,,,,,,,,
DB00744,,,,,,,,,,,,,
DB00745,,,,,,,,,,,,,
DB00746,,,,,,,,,,,,,
DB00747,,,,,,,,,,,,,
DB00748,,,,,,,,,,,,,
DB00749,,,,,,,,,,,,,
DB00750,,,,,,,,,,,,,
DB00751,,,,,,,,,,,,,
DB00752,,,,,,,,,,,,,
DB00753,,,,,,,,,,,,,
DB00754,,,,,,,,,,,,,
DB00755,,,,,,,,,,,,,
DB00756,,,,,,,,,,,,,
DB00757,,,,,,,,,,,,,
DB00758,,,,,,,,,,,,,
DB00759,,,,,,,,,,,,,
DB00761,,,,,,,,,,,,,
DB00762,,,,,,,,,,,,,
DB00763,,,,,,,,,,,,,
DB00764,,,,,,,,,,,,,
DB00765,,,,,,,,,,,,,
DB00766,,,,,,,,,,,,,
DB00767,,,,,,,,,,,,,
DB00769,,,,,,,,,,,,,
DB00770,,,,,,,,,,,,,
DB00771,,,,,,,,,,,,,
DB00772,,,,,,,,,,,,,
DB00773,,,,,,,,,,,,,
DB00774,,,,,,,,,,,,,
DB00779,,,,,,,,,,,,,
DB00780,,,,,,,,,,,,,
DB00781,,,,,,,,,,,,,
DB00783,,,,,,,,,,,,,
DB00784,,,,,,,,,,,,,
DB00787,,,,,,,,,,,,,
DB00788,,,,,,,,,,,,,
DB00791,,,,,,,,,,,,,
DB00793,,,,,,,,,,,,,
DB00794,,,,,,,,,,,,,
DB00795,,,,,,,,,,,,,
DB00797,,,,,,,,,,,,,
DB00798,,,,,,,,,,,,,
DB00801,,,,,,,,,,,,,
DB00802,,,,,,,,,,,,,
DB00803,,,,,,,,,,,,,
DB00804,,,,,,,,,,,,,
DB00805,,,,,,,,,,,,,
DB00806,,,,,,,,,,,,,
DB00807,,,,,,,,,,,,,
DB00808,,,,,,,,,,,,,
DB00809,,,,,,,,,,,,,
DB00810,,,,,,,,,,,,,
DB00811,,,,,,,,,,,,,
DB00812,,,,,,,,,,,,,
DB00813,,,,,,,,,,,,,
DB00814,,,,,,,,,,,,,
DB00815,,,,,,,,,,,,,
DB00816,,,,,,,,,,,,,
DB00817,,,,,,,,,,,,,
DB00818,,,,,,,,,,,,,
DB00819,,,,,,,,,,,,,
DB00820,,,,,,,,,,,,,
DB00821,,,,,,,,,,,,,
DB00822,,,,,,,,,,,,,
DB00823,,,,,,,,,,,,,
DB00824,,,,,,,,,,,,,
DB00825,,,,,,,,,,,,,
DB00826,,,,,,,,,,,,,
DB00827,,,,,,,,,,,,,
DB00828,,,,,,,,,,,,,
DB00829,,,,,,,,,,,,,
DB00830,,,,,,,,,,,,,
DB00832,,,,,,,,,,,,,
DB00833,,,,,,,,,,,,,
DB00834,,,,,,,,,,,,,
DB00835,,,,,,,,,,,,,
DB00836,,,,,,,,,,,,,
DB00837,,,,,,,,,,,,,
DB00839,,,,,,,,,,,,,
DB00841,,,,,,,,,,,,,
DB00842,,,,,,,,,,,,,
DB00843,,,,,,,,,,,,,
DB00844,,,,,,,,,,,,,
DB00845,,,,,,,,,,,,,
DB00846,,,,,,,,,,,,,
DB00847,,,,,,,,,,,,,
DB00848,,,,,,,,,,,,,
DB00849,,,,,,,,,,,,,
DB00850,,,,,,,,,,,,,
DB00851,,,,,,,,,,,,,
DB00852,,,,,,,,,,,,,
DB00853,,,,,,,,,,,,,
DB00854,,,,,,,,,,,,,
DB00855,,,,,,,,,,,,,
DB00856,,,,,,,,,,,,,
DB00857,,,,,,,,,,,,,
DB00858,,,,,,,,,,,,,
DB00859,,,,,,,,,,,,,
DB00860,,,,,,,,,,,,,
DB00861,,,,,,,,,,,,,
DB00862,,,,,,,,,,,,,
DB00863,,,,,,,,,,,,,
DB00864,,,,,,,,,,,,,
DB00865,,,,,,,,,,,,,
DB00866,,,,,,,,,,,,,
DB00867,,,,,,,,,,,,,
DB00869,,,,,,,,,,,,,
DB00870,,,,,,,,,,,,,
DB00871,,,,,,,,,,,,,
DB00874,,,,,,,,,,,,,
DB00875,,,,,,,,,,,,,
DB00876,,,,,,,,,,,,,
DB00879,,,,,,,,,,,,,
DB00880,,,,,,,,,,,,,
DB00881,,,,,,,,,,,,,
DB00882,,,,,,,,,,,,,
DB00883,,,,,,,,,,,,,
DB00884,,,,,,,,,,,,,
DB00887,,,,,,,,,,,,,
DB00888,,,,,,,,,,,,,
DB00889,,,,,,,,,,,,,
DB00890,,,,,,,,,,,,,
DB00891,,,,,,,,,,,,,
DB00892,,,,,,,,,,,,,
DB00894,,,,,,,,,,,,,
DB00897,,,,,,,,,,,,,
DB00898,,,,,,,,,,,,,
DB00900,,,,,,,,,,,,,
DB00902,,,,,,,,,,,,,
DB00903,,,,,,,,,,,,,
DB00905,,,,,,,,,,,,,
DB00907,,,,,,,,,,,,,
DB00908,,,,,,,,,,,,,
DB00909,,,,,,,,,,,,,
DB00911,,,,,,,,,,,,,
DB00912,,,,,,,,,,,,,
DB00913,,,,,,,,,,,,,
DB00914,,,,,,,,,,,,,
DB00915,,,,,,,,,,,,,
DB00916,,,,,,,,,,,,,
DB00917,,,,,,,,,,,,,
DB00920,,,,,,,,,,,,,
DB00924,,,,,,,,,,,,,
DB00925,,,,,,,,,,,,,
DB00926,,,,,,,,,,,,,
DB00927,,,,,,,,,,,,,
DB00928,,,,,,,,,,,,,
DB00929,,,,,,,,,,,,,
DB00934,,,,,,,,,,,,,
DB00935,,,,,,,,,,,,,
DB00936,,,,,,,,,,,,,
DB00937,,,,,,,,,,,,,
DB00938,,,,,,,,,,,,,
DB00939,,,,,,,,,,,,,
DB00941,,,,,,,,,,,,,
DB00942,,,,,,,,,,,,,
DB00943,,,,,,,,,,,,,
DB00944,,,,,,,,,,,,,
DB00946,,,,,,,,,,,,,
DB00949,,,,,,,,,,,,,
DB00950,,,,,,,,,,,,,
DB00951,,,,,,,,,,,,,
DB00952,,,,,,,,,,,,,
DB00953,,,,,,,,,,,,,
DB00956,,,,,,,,,,,,,
DB00957,,,,,,,,,,,,,
DB00959,,,,,,,,,,,,,
DB00960,,,,,,,,,,,,,
DB00961,,,,,,,,,,,,,
DB00962,,,,,,,,,,,,,
DB00966,,,,,,,,,,,,,
DB00968,,,,,,,,,,,,,
DB00970,,,,,,,,,,,,,
DB00971,,,,,,,,,,,,,
DB00972,,,,,,,,,,,,,
DB00973,,,,,,,,,,,,,
DB00974,,,,,,,,,,,,,
DB00975,,,,,,,,,,,,,
DB00976,,,,,,,,,,,,,
DB00977,,,,,,,,,,,,,
DB00978,,,,,,,,,,,,,
DB00979,,,,,,,,,,,,,
DB00981,,,,,,,,,,,,,
DB00982,,,,,,,,,,,,,
DB00984,,,,,,,,,,,,,
DB00985,,,,,,,,,,,,,
DB00986,,,,,,,,,,,,,
DB00987,,,,,,,,,,,,,
DB00988,,,,,,,,,,,,,
DB00990,,,,,,,,,,,,,
DB00991,,,,,,,,,,,,,
DB00993,,,,,,,,,,,,,
DB00995,,,,,,,,,,,,,
DB00997,,,,,,,,,,,,,
DB00999,,,,,,,,,,,,,
DB01000,,,,,,,,,,,,,
DB01001,,,,,,,,,,,,,
DB01003,,,,,,,,,,,,,
DB01004,,,,,,,,,,,,,
DB01005,,,,,,,,,,,,,
DB01006,,,,,,,,,,,,,
DB01008,,,,,,,,,,,,,
DB01009,,,,,,,,,,,,,
DB01010,,,,,,,,,,,,,
DB01011,,,,,,,,,,,,,
DB01013,,,,,,,,,,,,,
DB01015,,,,,,,,,,,,,
DB01016,,,,,,,,,,,,,
DB01018,,,,,,,,,,,,,
DB01021,,,,,,,,,,,,,
DB01022,,,,,,,,,,,,,
DB01023,,,,,,,,,,,,,
DB01024,,,,,,,,,,,,,
DB01026,,,,,,,,,,,,,
DB01028,,,,,,,,,,,,,
DB01029,,,,,,,,,,,,,
DB01030,,,,,,,,,,,,,
DB01031,,,,,,,,,,,,,
DB01032,,,,,,,,,,,,,
DB01033,,,,,,,,,,,,,
DB01034,,,,,,,,,,,,,
DB01035,,,,,,,,,,,,,
DB01037,,,,,,,,,,,,,
DB01038,,,,,,,,,,,,,
DB01039,,,,,,,,,,,,,
DB01041,,,,,,,,,,,,,
DB01042,,,,,,,,,,,,,
DB01043,,,,,,,,,,,,,
DB01044,,,,,,,,,,,,,
DB01045,,,,,,,,,,,,,
DB01047,,,,,,,,,,,,,
DB01048,,,,,,,,,,,,,
DB01049,,,,,,,,,,,,,
DB01050,,,,,,,,,,,,,
DB01053,,,,,,,,,,,,,
DB01054,,,,,,,,,,,,,
DB01055,,,,,,,,,,,,,
DB01056,,,,,,,,,,,,,
DB01057,,,,,,,,,,,,,
DB01058,,,,,,,,,,,,,
DB01059,,,,,,,,,,,,,
DB01060,,,,,,,,,,,,,
DB01062,,,,,,,,,,,,,
DB01063,,,,,,,,,,,,,
DB01064,,,,,,,,,,,,,
DB01065,,,,,,,,,,,,,
DB01066,,,,,,,,,,,,,
DB01067,,,,,,,,,,,,,
DB01068,,,,,,,,,,,,,
DB01069,,,,,,,,,,,,,
DB01071,,,,,,,,,,,,,
DB01073,,,,,,,,,,,,,
DB01075,,,,,,,,,,,,,
DB01076,,,,,,,,,,,,,
DB01077,,,,,,,,,,,,,
DB01079,,,,,,,,,,,,,
DB01080,,,,,,,,,,,,,
DB01081,,,,,,,,,,,,,
DB01083,,,,,,,,,,,,,
DB01085,,,,,,,,,,,,,
DB01086,,,,,,,,,,,,,
DB01087,,,,,,,,,,,,,
DB01089,,,,,,,,,,,,,
DB01090,,,,,,,,,,,,,
DB01092,,,,,,,,,,,,,
DB01093,,,,,,,,,,,,,
DB01094,,,,,,,,,,,,,
DB01095,,,,,,,,,,,,,
DB01096,,,,,,,,,,,,,
DB01097,,,,,,,,,,,,,
DB01099,,,,,,,,,,,,,
DB01100,,,,,,,,,,,,,
DB01101,,,,,,,,,,,,,
DB01103,,,,,,,,,,,,,
DB01104,,,,,,,,,,,,,
DB01105,,,,,,,,,,,,,
DB01108,,,,,,,,,,,,,
DB01110,,,,,,,,,,,,,
DB01112,,,,,,,,,,,,,
DB01113,,,,,,,,,,,,,
DB01115,,,,,,,,,,,,,
DB01118,,,,,,,,,,,,,
DB01119,,,,,,,,,,,,,
DB01120,,,,,,,,,,,,,
DB01121,,,,,,,,,,,,,
DB01122,,,,,,,,,,,,,
DB01123,,,,,,,,,,,,,
DB01124,,,,,,,,,,,,,
DB01125,,,,,,,,,,,,,
DB01126,,,,,,,,,,,,,
DB01127,,,,,,,,,,,,,
DB01128,,,,,,,,,,,,,
DB01131,,,,,,,,,,,,,
DB01132,,,,,,,,,,,,,
DB01136,,,,,,,,,,,,,
DB01137,,,,,,,,,,,,,
DB01138,,,,,,,,,,,,,
DB01140,,,,,,,,,,,,,
DB01142,,,,,,,,,,,,,
DB01144,,,,,,,,,,,,,
DB01146,,,,,,,,,,,,,
DB01148,,,,,,,,,,,,,
DB01149,,,,,,,,,,,,,
DB01150,,,,,,,,,,,,,
DB01151,,,,,,,,,,,,,
DB01154,,,,,,,,,,,,,
DB01156,,,,,,,,,,,,,
DB01157,,,,,,,,,,,,,
DB01158,,,,,,,,,,,,,
DB01159,,,,,,,,,,,,,
DB01160,,,,,,,,,,,,,
DB01161,,,,,,,,,,,,,
DB01162,,,,,,,,,,,,,
DB01163,,,,,,,,,,,,,
DB01164,,,,,,,,,,,,,
DB01165,,,,,,,,,,,,,
DB01166,,,,,,,,,,,,,
DB01167,,,,,,,,,,,,,
DB01168,,,,,,,,,,,,,
DB01170,,,,,,,,,,,,,
DB01171,,,,,,,,,,,,,
DB01173,,,,,,,,,,,,,
DB01174,,,,,,,,,,,,,
DB01175,,,,,,,,,,,,,
DB01176,,,,,,,,,,,,,
DB01178,,,,,,,,,,,,,
DB01179,,,,,,,,,,,,,
DB01180,,,,,,,,,,,,,
DB01181,,,,,,,,,,,,,
DB01183,,,,,,,,,,,,,
DB01184,,,,,,,,,,,,,
DB01185,,,,,,,,,,,,,
DB01186,,,,,,,,,,,,,
DB01188,,,,,,,,,,,,,
DB01190,,,,,,,,,,,,,
DB01192,,,,,,,,,,,,,
DB01193,,,,,,,,,,,,,
DB01194,,,,,,,,,,,,,
DB01195,,,,,,,,,,,,,
DB01196,,,,,,,,,,,,,
DB01197,,,,,,,,,,,,,
DB01198,,,,,,,,,,,,,
DB01200,,,,,,,,,,,,,
DB01202,,,,,,,,,,,,,
DB01203,,,,,,,,,,,,,
DB01205,,,,,,,,,,,,,
DB01206,,,,,,,,,,,,,
DB01210,,,,,,,,,,,,,
DB01211,,,,,,,,,,,,,
DB01212,,,,,,,,,,,,,
DB01213,,,,,,,,,,,,,
DB01214,,,,,,,,,,,,,
DB01215,,,,,,,,,,,,,
DB01216,,,,,,,,,,,,,
DB01219,,,,,,,,,,,,,
DB01221,,,,,,,,,,,,,
DB01222,,,,,,,,,,,,,
DB01224,,,,,,,,,,,,,
DB01229,,,,,,,,,,,,,
DB01230,,,,,,,,,,,,,
DB01231,,,,,,,,,,,,,
DB01232,,,,,,,,,,,,,
DB01233,,,,,,,,,,,,,
DB01234,,,,,,,,,,,,,
DB01235,,,,,,,,,,,,,
DB01236,,,,,,,,,,,,,
DB01238,,,,,,,,,,,,,
DB01239,,,,,,,,,,,,,
DB01241,,,,,,,,,,,,,
DB01242,,,,,,,,,,,,,
DB01243,,,,,,,,,,,,,
DB01244,,,,,,,,,,,,,
DB01245,,,,,,,,,,,,,
DB01246,,,,,,,,,,,,,
DB01247,,,,,,,,,,,,,
DB01248,,,,,,,,,,,,,
DB01250,,,,,,,,,,,,,
DB01251,,,,,,,,,,,,,
DB01253,,,,,,,,,,,,,
DB01254,,,,,,,,,,,,,
DB01260,,,,,,,,,,,,,
DB01262,,,,,,,,,,,,,
DB01264,,,,,,,,,,,,,
DB01270,,,,,,,,,,,,,
DB01275,,,,,,,,,,,,,
DB01280,,,,,,,,,,,,,
DB01288,,,,,,,,,,,,,
DB01289,,,,,,,,,,,,,
DB01294,,,,,,,,,,,,,
DB01295,,,,,,,,,,,,,
DB01296,,,,,,,,,,,,,
DB01297,,,,,,,,,,,,,
DB01298,,,,,,,,,,,,,
DB01299,,,,,,,,,,,,,
DB01321,,,,,,,,,,,,,
DB01324,,,,,,,,,,,,,
DB01325,,,,,,,,,,,,,
DB01326,,,,,,,,,,,,,
DB01329,,,,,,,,,,,,,
DB01331,,,,,,,,,,,,,
DB01332,,,,,,,,,,,,,
DB01333,,,,,,,,,,,,,
DB01337,,,,,,,,,,,,,
DB01339,,,,,,,,,,,,,
DB01340,,,,,,,,,,,,,
DB01345,,,,,,,,,,,,,
DB01351,,,,,,,,,,,,,
DB01352,,,,,,,,,,,,,
DB01353,,,,,,,,,,,,,
DB01354,,,,,,,,,,,,,
DB01355,,,,,,,,,,,,,
DB01356,,,,,,,,,,,,,
DB01357,,,,,,,,,,,,,
DB01362,,,,,,,,,,,,,
DB01364,,,,,,,,,,,,,
DB01365,,,,,,,,,,,,,
DB01370,,,,,,,,,,,,,
DB01373,,,,,,,,,,,,,
DB01378,,,,,,,,,,,,,
DB01380,,,,,,,,,,,,,
DB01382,,,,,,,,,,,,,
DB01390,,,,,,,,,,,,,
DB01392,,,,,,,,,,,,,
DB01393,,,,,,,,,,,,,
DB01394,,,,,,,,,,,,,
DB01395,,,,,,,,,,,,,
DB01396,,,,,,,,,,,,,
DB01399,,,,,,,,,,,,,
DB01406,,,,,,,,,,,,,
DB01407,,,,,,,,,,,,,
DB01412,,,,,,,,,,,,,
DB01414,,,,,,,,,,,,,
DB01418,,,,,,,,,,,,,
DB01419,,,,,,,,,,,,,
DB01420,,,,,,,,,,,,,
DB01422,,,,,,,,,,,,,
DB01424,,,,,,,,,,,,,
DB01425,,,,,,,,,,,,,
DB01426,,,,,,,,,,,,,
DB01427,,,,,,,,,,,,,
DB01428,,,,,,,,,,,,,
DB01429,,,,,,,,,,,,,
DB01431,,,,,,,,,,,,,
DB01435,,,,,,,,,,,,,
DB01436,,,,,,,,,,,,,
DB01437,,,,,,,,,,,,,
DB01438,,,,,,,,,,,,,
DB01441,,,,,,,,,,,,,
DB01444,,,,,,,,,,,,,
DB01445,,,,,,,,,,,,,
DB01446,,,,,,,,,,,,,
DB01452,,,,,,,,,,,,,
